{
	"skeleton": {
		"backleft": [4.000000,4.500000,1.000000],
		"backright": [-4.000000,4.500000,1.000000],
		"body": [0.000000,1.511429,2.460000],
		"frontleft": [4.000000,-2.000000,1.000000],
		"frontright": [-4.000000,-2.000000,1.000000],
		"head": [0.000000,-4.000000,3.000000],
		"mouth": [0.000000,-5.000000,2.000000],
		"tail": [0.000000,6.000000,2.000000],
		"root": [0.000000,0.000000,0.000000]
	},
	"animation_root" : "file(animations)",
	"postures" : "file(postures.json)",
	"effects_root": "file(effects)"
}